type,Total_number_of_wines,AVG(WW.alcohol),AVG(WW.[volatile acidity])
'economy',183,10.173497267759563,0.37598360655737706
'premium',1055,11.412401263823066,0.26519431279620853
'premium' ,5,12.18,0.298
'standard',3655,10.269807569539443,0.27708618331053353
